,Train MAE,Train MSE,Train RMSE,Train R2,Test MAE,Test MSE,Test RMSE,Test R2,CV Score Mean,Best Params,Features
0,3461.6394416164485,23342283.24538083,4831.385230488336,0.798318584305589,5616.283650807925,67989343.74488404,8245.56509554585,0.4923445894860171,0.4128737235496082,"{'objective': 'regression', 'metric': 'huber', 'verbosity': -1, 'boosting_type': 'gbdt', 'feature_pre_filter': False, 'lambda_l1': 0.00013194449312775466, 'lambda_l2': 1.1323342574942026e-08, 'num_leaves': 11, 'feature_fraction': 0.8, 'bagging_fraction': 1.0, 'bagging_freq': 0, 'min_child_samples': 5}","['DS_PS_in(%)', 'ALK(mg CaCO3/L)', 'pH', 'Q_PS/Q_WS']"
1,3116.034776094351,21407672.23511148,4626.8425772995,0.8150339622858612,5792.193100775063,70053870.77993186,8369.819041050521,0.4769294043736696,0.3857863322535797,"{'objective': 'regression', 'metric': 'huber', 'verbosity': -1, 'boosting_type': 'gbdt', 'feature_pre_filter': False, 'lambda_l1': 9.386689648955203e-05, 'lambda_l2': 1.8638764713432432e-08, 'num_leaves': 31, 'feature_fraction': 0.8999999999999999, 'bagging_fraction': 0.9758624475682118, 'bagging_freq': 7, 'min_child_samples': 20}","['DS_PS_in(%)', 'ALK(mg CaCO3/L)', 'pH', 'Q_PS_in(m³/d)']"
2,2259.9899478617403,9879636.343739156,3143.188881333598,0.9146382115491822,5860.555912558261,72425528.50745176,8510.318942757183,0.45922096933154777,0.33771792720860294,"{'objective': 'regression', 'metric': 'huber', 'verbosity': -1, 'boosting_type': 'gbdt', 'feature_pre_filter': False, 'lambda_l1': 0.08306365152831127, 'lambda_l2': 0.1693603623697866, 'num_leaves': 31, 'feature_fraction': 0.8999999999999999, 'bagging_fraction': 0.5471085543259849, 'bagging_freq': 2, 'min_child_samples': 5}","['DS_PS_in(%)', 'ALK(mg CaCO3/L)', 'pH', 'Q_WS_in(m³/d)']"
3,2229.398657159573,9969142.623051276,3157.3949108483844,0.9138648616186958,5799.4248571309845,72398837.82441801,8508.75066178449,0.459420260410209,0.37002761425313724,"{'objective': 'regression', 'metric': 'huber', 'verbosity': -1, 'boosting_type': 'gbdt', 'feature_pre_filter': False, 'lambda_l1': 0.0023644250603287453, 'lambda_l2': 6.428301932689587e-07, 'num_leaves': 31, 'feature_fraction': 0.8999999999999999, 'bagging_fraction': 1.0, 'bagging_freq': 0, 'min_child_samples': 10}","['DS_PS_in(%)', 'ALK(mg CaCO3/L)', 'pH', 'Q_Total(m³/d)']"
4,2264.213268805886,9932835.494312733,3151.64012766571,0.9141785615702736,5542.126709903935,62662917.812495135,7915.9912716282815,0.5321153652332484,0.45251353326537985,"{'objective': 'regression', 'metric': 'huber', 'verbosity': -1, 'boosting_type': 'gbdt', 'feature_pre_filter': False, 'lambda_l1': 4.1205002311436696e-05, 'lambda_l2': 0.00010571774950244203, 'num_leaves': 31, 'feature_fraction': 0.8, 'bagging_fraction': 1.0, 'bagging_freq': 0, 'min_child_samples': 10}","['DS_PS_in(%)', 'ALK(mg CaCO3/L)', 'pH', 'Q_eff(m³/d)']"
5,4110.365110546757,33364242.77964732,5776.178908209762,0.7117270985603825,6077.843554742448,78896248.97450326,8882.356048622643,0.4109061000580898,0.29789658292520754,"{'objective': 'regression', 'metric': 'huber', 'verbosity': -1, 'boosting_type': 'gbdt', 'feature_pre_filter': False, 'lambda_l1': 0.0, 'lambda_l2': 0.0, 'num_leaves': 11, 'feature_fraction': 0.8, 'bagging_fraction': 0.8361433494548863, 'bagging_freq': 3, 'min_child_samples': 10}","['DS_PS_in(%)', 'ALK(mg CaCO3/L)', 'T(°C)', 'Q_PS/Q_WS']"
6,2976.41989840345,17891287.56436248,4229.809400476868,0.8454161417439536,6376.47172517369,82435972.82261191,9079.425798067405,0.38447607640672976,0.2613970301119797,"{'objective': 'regression', 'metric': 'huber', 'verbosity': -1, 'boosting_type': 'gbdt', 'feature_pre_filter': False, 'lambda_l1': 9.522759892785809e-05, 'lambda_l2': 1.513761339126993e-08, 'num_leaves': 31, 'feature_fraction': 0.8, 'bagging_fraction': 0.9863983065438467, 'bagging_freq': 7, 'min_child_samples': 10}","['DS_PS_in(%)', 'ALK(mg CaCO3/L)', 'T(°C)', 'Q_PS_in(m³/d)']"
7,2360.1808977770406,10763359.310151208,3280.755905298535,0.9070026903332824,6242.48197798796,86883557.07519187,9321.13496711596,0.3512673397845455,0.24503895998734557,"{'objective': 'regression', 'metric': 'huber', 'verbosity': -1, 'boosting_type': 'gbdt', 'feature_pre_filter': False, 'lambda_l1': 1.7843196529889115e-06, 'lambda_l2': 1.1291823919593284e-06, 'num_leaves': 31, 'feature_fraction': 0.8, 'bagging_fraction': 0.8050637340097502, 'bagging_freq': 3, 'min_child_samples': 5}","['DS_PS_in(%)', 'ALK(mg CaCO3/L)', 'T(°C)', 'Q_WS_in(m³/d)']"
8,3260.943880990015,22204685.932147637,4712.184836373424,0.8081476243446961,6205.741542290758,85426622.71270035,9242.652363510182,0.3621458182510805,0.297067119259417,"{'objective': 'regression', 'metric': 'huber', 'verbosity': -1, 'boosting_type': 'gbdt', 'feature_pre_filter': False, 'lambda_l1': 1.7238246488428573e-08, 'lambda_l2': 1.9164141254917192e-05, 'num_leaves': 31, 'feature_fraction': 0.8999999999999999, 'bagging_fraction': 0.9817222664736892, 'bagging_freq': 7, 'min_child_samples': 20}","['DS_PS_in(%)', 'ALK(mg CaCO3/L)', 'T(°C)', 'Q_Total(m³/d)']"
9,2823.058171643993,15847440.33646743,3980.884366126129,0.8630753397774854,5872.82307055014,75048186.17902838,8663.035621479827,0.43963839530498106,0.37280944206671757,"{'objective': 'regression', 'metric': 'huber', 'verbosity': -1, 'boosting_type': 'gbdt', 'feature_pre_filter': False, 'lambda_l1': 0.0002823954030661625, 'lambda_l2': 8.064466084555844, 'num_leaves': 31, 'feature_fraction': 0.8999999999999999, 'bagging_fraction': 1.0, 'bagging_freq': 0, 'min_child_samples': 10}","['DS_PS_in(%)', 'ALK(mg CaCO3/L)', 'T(°C)', 'Q_eff(m³/d)']"
10,2988.889536993435,19089861.878593497,4369.1946487417445,0.835060249735964,5760.287649053025,67865231.5767124,8238.035662505497,0.49327129667588754,0.3277079424850002,"{'objective': 'regression', 'metric': 'huber', 'verbosity': -1, 'boosting_type': 'gbdt', 'feature_pre_filter': False, 'lambda_l1': 8.33155520607433e-06, 'lambda_l2': 3.164969468942512e-07, 'num_leaves': 31, 'feature_fraction': 0.8, 'bagging_fraction': 0.998294291204205, 'bagging_freq': 7, 'min_child_samples': 20}","['DS_PS_in(%)', 'FA(mg/L)', 'pH', 'Q_PS/Q_WS']"
11,2691.0644608718508,14953469.555700082,3866.971625923842,0.8707994039043431,5875.880457181583,72680204.11826824,8525.26856575605,0.4573193852797577,0.35761837149193915,"{'objective': 'regression', 'metric': 'huber', 'verbosity': -1, 'boosting_type': 'gbdt', 'feature_pre_filter': False, 'lambda_l1': 7.790883754641137e-07, 'lambda_l2': 1.5524587024837596e-08, 'num_leaves': 20, 'feature_fraction': 0.8999999999999999, 'bagging_fraction': 0.9817222664736892, 'bagging_freq': 7, 'min_child_samples': 5}","['DS_PS_in(%)', 'FA(mg/L)', 'pH', 'Q_PS_in(m³/d)']"
12,3657.677274918113,27184247.760751788,5213.85152845301,0.7651233379639081,5758.301390211809,68824620.6074237,8296.060547478164,0.4861078353832493,0.347399260020962,"{'objective': 'regression', 'metric': 'huber', 'verbosity': -1, 'boosting_type': 'gbdt', 'feature_pre_filter': False, 'lambda_l1': 7.409600390599519e-05, 'lambda_l2': 1.4509648127973739e-08, 'num_leaves': 31, 'feature_fraction': 0.8, 'bagging_fraction': 0.7643105644205426, 'bagging_freq': 1, 'min_child_samples': 20}","['DS_PS_in(%)', 'FA(mg/L)', 'pH', 'Q_WS_in(m³/d)']"
13,1847.105870896734,6724357.216219431,2593.1365595007583,0.9419003758653115,5743.668184116287,70102679.7799769,8372.734307260496,0.4765649626598678,0.314433653559153,"{'objective': 'regression', 'metric': 'huber', 'verbosity': -1, 'boosting_type': 'gbdt', 'feature_pre_filter': False, 'lambda_l1': 0.0037368950129608785, 'lambda_l2': 6.061662965362108e-07, 'num_leaves': 31, 'feature_fraction': 0.8999999999999999, 'bagging_fraction': 1.0, 'bagging_freq': 0, 'min_child_samples': 5}","['DS_PS_in(%)', 'FA(mg/L)', 'pH', 'Q_Total(m³/d)']"
14,2151.824967880911,8715411.6125451,2952.1875977900013,0.9246973171433244,5546.718194443936,65095787.2004035,8068.196031356916,0.5139498816468819,0.3911194909186918,"{'objective': 'regression', 'metric': 'huber', 'verbosity': -1, 'boosting_type': 'gbdt', 'feature_pre_filter': False, 'lambda_l1': 1.9183655905324402e-08, 'lambda_l2': 1.2469463341780935e-08, 'num_leaves': 31, 'feature_fraction': 0.8999999999999999, 'bagging_fraction': 0.9313938000875651, 'bagging_freq': 7, 'min_child_samples': 10}","['DS_PS_in(%)', 'FA(mg/L)', 'pH', 'Q_eff(m³/d)']"
15,3065.173240414089,18999432.941452805,4358.833896978962,0.8358415715916949,6099.195082858337,82876309.83668123,9103.642668552036,0.381188216054957,0.24108906028903537,"{'objective': 'regression', 'metric': 'huber', 'verbosity': -1, 'boosting_type': 'gbdt', 'feature_pre_filter': False, 'lambda_l1': 9.386689648955203e-05, 'lambda_l2': 1.8638764713432432e-08, 'num_leaves': 20, 'feature_fraction': 0.8999999999999999, 'bagging_fraction': 0.9817222664736892, 'bagging_freq': 7, 'min_child_samples': 10}","['DS_PS_in(%)', 'FA(mg/L)', 'T(°C)', 'Q_PS/Q_WS']"
16,4247.164018495413,36619263.30851433,6051.385238812211,0.683603151066678,6428.536872182565,81469072.06454633,9026.021940176433,0.3916956254452362,0.26739500570325403,"{'objective': 'regression', 'metric': 'huber', 'verbosity': -1, 'boosting_type': 'gbdt', 'feature_pre_filter': False, 'lambda_l1': 0.045512395732370696, 'lambda_l2': 0.11090992859591811, 'num_leaves': 31, 'feature_fraction': 0.8, 'bagging_fraction': 0.7460464687053032, 'bagging_freq': 1, 'min_child_samples': 20}","['DS_PS_in(%)', 'FA(mg/L)', 'T(°C)', 'Q_PS_in(m³/d)']"
17,4518.194520158187,40506452.66209905,6364.467979501433,0.6500171542015963,6320.423921516053,87247130.44954707,9340.617241357611,0.3485526497986736,0.29000975833704007,"{'objective': 'regression', 'metric': 'huber', 'verbosity': -1, 'boosting_type': 'gbdt', 'feature_pre_filter': False, 'lambda_l1': 0.08857600965028035, 'lambda_l2': 3.1327729025413077e-07, 'num_leaves': 11, 'feature_fraction': 0.8999999999999999, 'bagging_fraction': 0.6579863191033498, 'bagging_freq': 1, 'min_child_samples': 20}","['DS_PS_in(%)', 'FA(mg/L)', 'T(°C)', 'Q_WS_in(m³/d)']"
18,3977.2738761799965,32698579.84164258,5718.267206212261,0.7174785429371302,6286.700908133271,88028922.65873137,9382.372975891087,0.3427152490674751,0.2822331965706513,"{'objective': 'regression', 'metric': 'huber', 'verbosity': -1, 'boosting_type': 'gbdt', 'feature_pre_filter': False, 'lambda_l1': 1.31605201811457e-08, 'lambda_l2': 2.3121289646664463e-05, 'num_leaves': 31, 'feature_fraction': 0.8999999999999999, 'bagging_fraction': 0.6579863191033498, 'bagging_freq': 1, 'min_child_samples': 20}","['DS_PS_in(%)', 'FA(mg/L)', 'T(°C)', 'Q_Total(m³/d)']"
19,3689.182265823058,25435500.135140374,5043.361987319607,0.7802328237463387,5700.61320774574,75091980.06511933,8665.562882185977,0.43931139989662815,0.3797205855523994,"{'objective': 'regression', 'metric': 'huber', 'verbosity': -1, 'boosting_type': 'gbdt', 'feature_pre_filter': False, 'lambda_l1': 0.3507170755981231, 'lambda_l2': 1.5145905142789064e-07, 'num_leaves': 11, 'feature_fraction': 0.8999999999999999, 'bagging_fraction': 1.0, 'bagging_freq': 0, 'min_child_samples': 5}","['DS_PS_in(%)', 'FA(mg/L)', 'T(°C)', 'Q_eff(m³/d)']"
20,2663.571140914117,14317290.184547571,3783.819523252605,0.8762961050993733,6134.963642889318,84595960.51052994,9197.606238067052,0.3683481161115154,0.38145560657147143,"{'objective': 'regression', 'metric': 'huber', 'verbosity': -1, 'boosting_type': 'gbdt', 'feature_pre_filter': False, 'lambda_l1': 5.684442169852666e-07, 'lambda_l2': 9.097512384021268, 'num_leaves': 31, 'feature_fraction': 0.8999999999999999, 'bagging_fraction': 1.0, 'bagging_freq': 0, 'min_child_samples': 5}","['VS_PS_in(%)', 'ALK(mg CaCO3/L)', 'pH', 'Q_PS/Q_WS']"
21,2657.99700849112,17819007.577978283,4221.25663493447,0.8460406534863181,6245.030149444779,76962341.81775388,8772.818350892368,0.4253459869209397,0.2568460943779779,"{'objective': 'regression', 'metric': 'huber', 'verbosity': -1, 'boosting_type': 'gbdt', 'feature_pre_filter': False, 'lambda_l1': 6.3486715176728396e-06, 'lambda_l2': 1.0180873774876215e-07, 'num_leaves': 31, 'feature_fraction': 0.8999999999999999, 'bagging_fraction': 0.6746927512736861, 'bagging_freq': 1, 'min_child_samples': 5}","['VS_PS_in(%)', 'ALK(mg CaCO3/L)', 'pH', 'Q_PS_in(m³/d)']"
22,3210.723997374424,22206273.903018497,4712.35332960279,0.8081339039982351,5798.805977021606,72748648.46240589,8529.281825711112,0.4568083325219765,0.3137071123180637,"{'objective': 'regression', 'metric': 'huber', 'verbosity': -1, 'boosting_type': 'gbdt', 'feature_pre_filter': False, 'lambda_l1': 5.31904907294463, 'lambda_l2': 2.458176583063629, 'num_leaves': 31, 'feature_fraction': 0.8, 'bagging_fraction': 0.7768944073546025, 'bagging_freq': 7, 'min_child_samples': 10}","['VS_PS_in(%)', 'ALK(mg CaCO3/L)', 'pH', 'Q_WS_in(m³/d)']"
23,2388.4212655129527,11090738.6261323,3330.2760585471437,0.9041740757019695,6177.351341204219,78781517.58006659,8875.895311463886,0.41176276391059197,0.2617821082564105,"{'objective': 'regression', 'metric': 'huber', 'verbosity': -1, 'boosting_type': 'gbdt', 'feature_pre_filter': False, 'lambda_l1': 0.5936775652745624, 'lambda_l2': 0.00012849617790740175, 'num_leaves': 31, 'feature_fraction': 0.8999999999999999, 'bagging_fraction': 0.7498015762610586, 'bagging_freq': 3, 'min_child_samples': 5}","['VS_PS_in(%)', 'ALK(mg CaCO3/L)', 'pH', 'Q_Total(m³/d)']"
24,3150.2814344483304,20396918.636884853,4516.294790742169,0.8237670504103447,5572.103711906819,64664195.152007625,8041.405048373551,0.517172446043519,0.44032490987918765,"{'objective': 'regression', 'metric': 'huber', 'verbosity': -1, 'boosting_type': 'gbdt', 'feature_pre_filter': False, 'lambda_l1': 0.0, 'lambda_l2': 0.0, 'num_leaves': 31, 'feature_fraction': 0.8999999999999999, 'bagging_fraction': 0.8361433494548863, 'bagging_freq': 3, 'min_child_samples': 20}","['VS_PS_in(%)', 'ALK(mg CaCO3/L)', 'pH', 'Q_eff(m³/d)']"
25,2389.5545469113877,12562051.363312285,3544.2984303402395,0.891461675948942,6771.729182710326,104222837.46687946,10208.958686706468,0.2218002936208361,0.2147652713862671,"{'objective': 'regression', 'metric': 'huber', 'verbosity': -1, 'boosting_type': 'gbdt', 'feature_pre_filter': False, 'lambda_l1': 0.0029151336209232927, 'lambda_l2': 4.9977615878874884e-06, 'num_leaves': 31, 'feature_fraction': 0.8, 'bagging_fraction': 1.0, 'bagging_freq': 0, 'min_child_samples': 5}","['VS_PS_in(%)', 'ALK(mg CaCO3/L)', 'T(°C)', 'Q_PS/Q_WS']"
26,5764.991171290064,68368800.73251185,8268.54284215253,0.40928158671921255,6710.8809674343565,91529369.12849364,9567.098260627077,0.31657849745743916,0.23301999050806602,"{'objective': 'regression', 'metric': 'huber', 'verbosity': -1, 'boosting_type': 'gbdt', 'feature_pre_filter': False, 'lambda_l1': 3.6923548290917662e-06, 'lambda_l2': 0.007808984802144805, 'num_leaves': 4, 'feature_fraction': 0.4, 'bagging_fraction': 1.0, 'bagging_freq': 0, 'min_child_samples': 5}","['VS_PS_in(%)', 'ALK(mg CaCO3/L)', 'T(°C)', 'Q_PS_in(m³/d)']"
27,2681.3226509273754,16512938.197895978,4063.6114723108035,0.8573253216912696,6789.221610814846,108091577.08023867,10396.709916133981,0.1929136109671391,0.21112587138117936,"{'objective': 'regression', 'metric': 'huber', 'verbosity': -1, 'boosting_type': 'gbdt', 'feature_pre_filter': False, 'lambda_l1': 1.0521055418702636e-06, 'lambda_l2': 1.204166483661026e-06, 'num_leaves': 31, 'feature_fraction': 0.8999999999999999, 'bagging_fraction': 0.9926113208390698, 'bagging_freq': 7, 'min_child_samples': 10}","['VS_PS_in(%)', 'ALK(mg CaCO3/L)', 'T(°C)', 'Q_WS_in(m³/d)']"
28,2350.861335935499,11752696.24193105,3428.220564947805,0.8984546459580772,6729.137368588549,100877371.40416491,10043.772767449735,0.2467798544443769,0.12939671407889358,"{'objective': 'regression', 'metric': 'huber', 'verbosity': -1, 'boosting_type': 'gbdt', 'feature_pre_filter': False, 'lambda_l1': 0.00010502275632955772, 'lambda_l2': 1.0573903468419374e-08, 'num_leaves': 31, 'feature_fraction': 0.88, 'bagging_fraction': 0.9758624475682118, 'bagging_freq': 7, 'min_child_samples': 5}","['VS_PS_in(%)', 'ALK(mg CaCO3/L)', 'T(°C)', 'Q_Total(m³/d)']"
29,3088.8620260231874,20673945.623289354,4546.861073673722,0.8213734887258993,5900.313304306392,74213435.09479636,8614.72199753401,0.4458712235836727,0.38443892918268524,"{'objective': 'regression', 'metric': 'huber', 'verbosity': -1, 'boosting_type': 'gbdt', 'feature_pre_filter': False, 'lambda_l1': 5.157890977727537e-05, 'lambda_l2': 1.1017908264974003e-08, 'num_leaves': 31, 'feature_fraction': 0.8999999999999999, 'bagging_fraction': 0.9824153942063998, 'bagging_freq': 7, 'min_child_samples': 20}","['VS_PS_in(%)', 'ALK(mg CaCO3/L)', 'T(°C)', 'Q_eff(m³/d)']"
30,3127.241391761342,21543555.656616807,4641.503598686185,0.813859905723763,6243.366348440077,83712220.7249227,9149.438273736956,0.37494672787828565,0.32407126309216283,"{'objective': 'regression', 'metric': 'huber', 'verbosity': -1, 'boosting_type': 'gbdt', 'feature_pre_filter': False, 'lambda_l1': 1.3682650933860576e-08, 'lambda_l2': 9.448664581992008e-06, 'num_leaves': 31, 'feature_fraction': 0.8999999999999999, 'bagging_fraction': 1.0, 'bagging_freq': 0, 'min_child_samples': 20}","['VS_PS_in(%)', 'FA(mg/L)', 'pH', 'Q_PS/Q_WS']"
31,3477.808678310842,27156693.35206339,5211.208434908682,0.7653614128811936,6175.538027192038,75583180.15068758,8693.858760682024,0.43564376071453326,0.27551149410564324,"{'objective': 'regression', 'metric': 'huber', 'verbosity': -1, 'boosting_type': 'gbdt', 'feature_pre_filter': False, 'lambda_l1': 1.2803487555817162e-08, 'lambda_l2': 1.1896665736344918e-06, 'num_leaves': 20, 'feature_fraction': 0.8999999999999999, 'bagging_fraction': 0.9817222664736892, 'bagging_freq': 7, 'min_child_samples': 10}","['VS_PS_in(%)', 'FA(mg/L)', 'pH', 'Q_PS_in(m³/d)']"
32,3567.534405454162,27168157.565657347,5212.3082761534115,0.7652623600677586,5975.759982440184,72069797.74400334,8489.393249461551,0.46187710096635914,0.2976521549146175,"{'objective': 'regression', 'metric': 'huber', 'verbosity': -1, 'boosting_type': 'gbdt', 'feature_pre_filter': False, 'lambda_l1': 7.409600390599519e-05, 'lambda_l2': 1.4509648127973739e-08, 'num_leaves': 31, 'feature_fraction': 0.8, 'bagging_fraction': 1.0, 'bagging_freq': 0, 'min_child_samples': 20}","['VS_PS_in(%)', 'FA(mg/L)', 'pH', 'Q_WS_in(m³/d)']"
33,3460.1790059781483,25037698.118028536,5003.768391725234,0.7836699028501185,5970.694479766206,73305925.35464907,8561.887955039418,0.452647318252399,0.2750304725537056,"{'objective': 'regression', 'metric': 'huber', 'verbosity': -1, 'boosting_type': 'gbdt', 'feature_pre_filter': False, 'lambda_l1': 0.00010502275632955772, 'lambda_l2': 1.0573903468419374e-08, 'num_leaves': 31, 'feature_fraction': 0.8999999999999999, 'bagging_fraction': 0.9758624475682118, 'bagging_freq': 7, 'min_child_samples': 20}","['VS_PS_in(%)', 'FA(mg/L)', 'pH', 'Q_Total(m³/d)']"
34,2608.1733185777744,13454304.201254085,3668.0109325428793,0.8837524551489986,5619.811887706142,62572628.88697971,7910.286270861486,0.5327895247268214,0.3947667266273097,"{'objective': 'regression', 'metric': 'huber', 'verbosity': -1, 'boosting_type': 'gbdt', 'feature_pre_filter': False, 'lambda_l1': 6.90703569937976e-07, 'lambda_l2': 0.06012007950445084, 'num_leaves': 31, 'feature_fraction': 0.8, 'bagging_fraction': 0.99795823022237, 'bagging_freq': 7, 'min_child_samples': 10}","['VS_PS_in(%)', 'FA(mg/L)', 'pH', 'Q_eff(m³/d)']"
35,2275.714891457026,11651449.847951706,3413.4220143357174,0.8993294325355963,6737.893543378016,109827737.143671,10479.872954557752,0.1799502405156329,0.18541871722693445,"{'objective': 'regression', 'metric': 'huber', 'verbosity': -1, 'boosting_type': 'gbdt', 'feature_pre_filter': False, 'lambda_l1': 1.4947942792437284e-06, 'lambda_l2': 0.8620359260598707, 'num_leaves': 31, 'feature_fraction': 0.8999999999999999, 'bagging_fraction': 0.9821363619411055, 'bagging_freq': 7, 'min_child_samples': 5}","['VS_PS_in(%)', 'FA(mg/L)', 'T(°C)', 'Q_PS/Q_WS']"
36,3301.996490897971,24396955.62887026,4939.327447018497,0.7892060301839591,6877.36935516083,97614706.59630436,9880.015515995123,0.2711411638963246,0.04382109738480651,"{'objective': 'regression', 'metric': 'huber', 'verbosity': -1, 'boosting_type': 'gbdt', 'feature_pre_filter': False, 'lambda_l1': 3.716299566277591e-05, 'lambda_l2': 2.202909053537947e-07, 'num_leaves': 31, 'feature_fraction': 0.8999999999999999, 'bagging_fraction': 0.8517412378407365, 'bagging_freq': 5, 'min_child_samples': 10}","['VS_PS_in(%)', 'FA(mg/L)', 'T(°C)', 'Q_PS_in(m³/d)']"
37,2368.8043434883525,13022744.664296985,3608.704014503958,0.8874812051369483,6624.261417207038,99960965.49282475,9998.048084142461,0.2536223740731066,0.15686590561802755,"{'objective': 'regression', 'metric': 'huber', 'verbosity': -1, 'boosting_type': 'gbdt', 'feature_pre_filter': False, 'lambda_l1': 0.00010502275632955772, 'lambda_l2': 1.0573903468419374e-08, 'num_leaves': 31, 'feature_fraction': 0.8999999999999999, 'bagging_fraction': 0.9903369896385679, 'bagging_freq': 7, 'min_child_samples': 5}","['VS_PS_in(%)', 'FA(mg/L)', 'T(°C)', 'Q_WS_in(m³/d)']"
38,3846.699942007208,32321000.072583064,5685.156116817116,0.7207408982757649,6730.568468887983,95521293.66083446,9773.499560589056,0.2867720310969103,0.17999506990666925,"{'objective': 'regression', 'metric': 'huber', 'verbosity': -1, 'boosting_type': 'gbdt', 'feature_pre_filter': False, 'lambda_l1': 5.157890977727537e-05, 'lambda_l2': 1.1017908264974003e-08, 'num_leaves': 31, 'feature_fraction': 0.8, 'bagging_fraction': 1.0, 'bagging_freq': 0, 'min_child_samples': 20}","['VS_PS_in(%)', 'FA(mg/L)', 'T(°C)', 'Q_Total(m³/d)']"
39,2156.364871953816,9574088.419392603,3094.2023882404014,0.9172781991329545,6214.1897315007955,80995706.09477507,8999.761446548184,0.3952301027981767,0.3467277710603014,"{'objective': 'regression', 'metric': 'huber', 'verbosity': -1, 'boosting_type': 'gbdt', 'feature_pre_filter': False, 'lambda_l1': 1.7238246488428573e-08, 'lambda_l2': 1.9164141254917192e-05, 'num_leaves': 31, 'feature_fraction': 0.8999999999999999, 'bagging_fraction': 0.6746927512736861, 'bagging_freq': 1, 'min_child_samples': 5}","['VS_PS_in(%)', 'FA(mg/L)', 'T(°C)', 'Q_eff(m³/d)']"
40,1835.038109014834,6236117.03809223,2497.2218640105307,0.9461188565207148,5753.05207755537,72767431.51438929,8530.382846882623,0.45666808527968616,0.4037375206914546,"{'objective': 'regression', 'metric': 'huber', 'verbosity': -1, 'boosting_type': 'gbdt', 'feature_pre_filter': False, 'lambda_l1': 9.793263448051371e-06, 'lambda_l2': 0.062358390406471634, 'num_leaves': 31, 'feature_fraction': 0.8999999999999999, 'bagging_fraction': 0.6746927512736861, 'bagging_freq': 1, 'min_child_samples': 5}","['DS_WS_in(%)', 'ALK(mg CaCO3/L)', 'pH', 'Q_PS/Q_WS']"
41,2863.3061750699158,15794017.385537826,3974.168766614954,0.8635369234306693,5653.996131640906,69651747.65636285,8345.76225735929,0.4799319334190827,0.35500830080919926,"{'objective': 'regression', 'metric': 'huber', 'verbosity': -1, 'boosting_type': 'gbdt', 'feature_pre_filter': False, 'lambda_l1': 5.6210852724502905e-05, 'lambda_l2': 1.0369199146668879e-08, 'num_leaves': 20, 'feature_fraction': 0.8999999999999999, 'bagging_fraction': 0.6648341639387423, 'bagging_freq': 1, 'min_child_samples': 5}","['DS_WS_in(%)', 'ALK(mg CaCO3/L)', 'pH', 'Q_PS_in(m³/d)']"
42,2909.0082758982685,16993197.477489695,4122.280616053412,0.8531757973970682,5315.690027136881,58968071.11419255,7679.067073166671,0.5597036432500395,0.4119829905560456,"{'objective': 'regression', 'metric': 'huber', 'verbosity': -1, 'boosting_type': 'gbdt', 'feature_pre_filter': False, 'lambda_l1': 1.0521055418702636e-06, 'lambda_l2': 9.292769436933053, 'num_leaves': 31, 'feature_fraction': 0.8, 'bagging_fraction': 0.7768944073546025, 'bagging_freq': 7, 'min_child_samples': 5}","['DS_WS_in(%)', 'ALK(mg CaCO3/L)', 'pH', 'Q_WS_in(m³/d)']"
43,2178.2671189279026,9227754.040307127,3037.7218503851086,0.920270588829512,5824.755720955926,70552949.965078,8399.580344581389,0.4732029343908877,0.35728429696773595,"{'objective': 'regression', 'metric': 'huber', 'verbosity': -1, 'boosting_type': 'gbdt', 'feature_pre_filter': False, 'lambda_l1': 0.03243347550935891, 'lambda_l2': 2.021802455951205e-06, 'num_leaves': 31, 'feature_fraction': 0.8, 'bagging_fraction': 1.0, 'bagging_freq': 0, 'min_child_samples': 5}","['DS_WS_in(%)', 'ALK(mg CaCO3/L)', 'pH', 'Q_Total(m³/d)']"
44,1980.5156053540786,7183211.675739207,2680.1514277628435,0.9379357929656521,5473.524385534805,60841389.98130279,7800.089100856656,0.5457161504147672,0.4363916589359388,"{'objective': 'regression', 'metric': 'huber', 'verbosity': -1, 'boosting_type': 'gbdt', 'feature_pre_filter': False, 'lambda_l1': 9.068091448691533, 'lambda_l2': 6.170708682186698e-06, 'num_leaves': 31, 'feature_fraction': 0.8, 'bagging_fraction': 1.0, 'bagging_freq': 0, 'min_child_samples': 5}","['DS_WS_in(%)', 'ALK(mg CaCO3/L)', 'pH', 'Q_eff(m³/d)']"
45,3975.1623178882596,31802443.171709567,5639.365493715544,0.7252213207257396,6364.432553307309,95454496.05039424,9770.081680845571,0.28727078820326846,0.3294055524022828,"{'objective': 'regression', 'metric': 'huber', 'verbosity': -1, 'boosting_type': 'gbdt', 'feature_pre_filter': False, 'lambda_l1': 2.3654066128681966e-07, 'lambda_l2': 1.7424398377573583e-07, 'num_leaves': 11, 'feature_fraction': 0.8, 'bagging_fraction': 1.0, 'bagging_freq': 0, 'min_child_samples': 10}","['DS_WS_in(%)', 'ALK(mg CaCO3/L)', 'T(°C)', 'Q_PS/Q_WS']"
46,3959.439470799706,32681140.701162633,5716.742140516977,0.7176292201653822,6358.422695135055,89133313.3083214,9441.044079354857,0.3344691055146096,0.26188839388604024,"{'objective': 'regression', 'metric': 'huber', 'verbosity': -1, 'boosting_type': 'gbdt', 'feature_pre_filter': False, 'lambda_l1': 0.00012765303221564146, 'lambda_l2': 1.168297432830642e-08, 'num_leaves': 11, 'feature_fraction': 0.8999999999999999, 'bagging_fraction': 0.9589555775347463, 'bagging_freq': 7, 'min_child_samples': 5}","['DS_WS_in(%)', 'ALK(mg CaCO3/L)', 'T(°C)', 'Q_PS_in(m³/d)']"
47,3771.6996011318447,27676810.97651952,5260.875495249771,0.7608675055061006,6586.414457862784,102555338.32181458,10126.960961799674,0.2342509942217419,0.3148994620314678,"{'objective': 'regression', 'metric': 'huber', 'verbosity': -1, 'boosting_type': 'gbdt', 'feature_pre_filter': False, 'lambda_l1': 0.00013194449312775466, 'lambda_l2': 1.1323342574942026e-08, 'num_leaves': 11, 'feature_fraction': 0.8999999999999999, 'bagging_fraction': 0.8934784303614005, 'bagging_freq': 7, 'min_child_samples': 5}","['DS_WS_in(%)', 'ALK(mg CaCO3/L)', 'T(°C)', 'Q_WS_in(m³/d)']"
48,2359.8386914808566,10782903.987526456,3283.733239397874,0.9068338208974653,6938.9505505909,105229859.2216846,10258.160615904033,0.21428117350327214,0.22040618557502092,"{'objective': 'regression', 'metric': 'huber', 'verbosity': -1, 'boosting_type': 'gbdt', 'feature_pre_filter': False, 'lambda_l1': 6.401965000970471e-05, 'lambda_l2': 1.1424307289301697e-08, 'num_leaves': 31, 'feature_fraction': 0.8, 'bagging_fraction': 0.9817222664736892, 'bagging_freq': 7, 'min_child_samples': 5}","['DS_WS_in(%)', 'ALK(mg CaCO3/L)', 'T(°C)', 'Q_Total(m³/d)']"
49,3220.2929710108515,20215752.690360073,4496.193133124963,0.8253323559199489,5985.0348637026955,70650866.10517861,8405.40695654759,0.47247182484399697,0.41188166302329837,"{'objective': 'regression', 'metric': 'huber', 'verbosity': -1, 'boosting_type': 'gbdt', 'feature_pre_filter': False, 'lambda_l1': 9.572939619276895e-05, 'lambda_l2': 1.1361966183768311e-08, 'num_leaves': 31, 'feature_fraction': 0.8, 'bagging_fraction': 1.0, 'bagging_freq': 0, 'min_child_samples': 20}","['DS_WS_in(%)', 'ALK(mg CaCO3/L)', 'T(°C)', 'Q_eff(m³/d)']"
50,2857.7985120926965,17441938.192030318,4176.354653526245,0.8492985990254742,5646.143135121919,72547460.4356121,8517.479699747579,0.4583105413198101,0.3924021971210463,"{'objective': 'regression', 'metric': 'huber', 'verbosity': -1, 'boosting_type': 'gbdt', 'feature_pre_filter': False, 'lambda_l1': 0.00013194449312775466, 'lambda_l2': 1.1323342574942026e-08, 'num_leaves': 31, 'feature_fraction': 0.8999999999999999, 'bagging_fraction': 1.0, 'bagging_freq': 0, 'min_child_samples': 20}","['DS_WS_in(%)', 'FA(mg/L)', 'pH', 'Q_PS/Q_WS']"
51,3541.7606663477386,25410071.20654149,5040.8403274197735,0.7804525341433681,5821.72599928112,76449540.56107892,8743.542792317021,0.42917491536958363,0.40056830292095186,"{'objective': 'regression', 'metric': 'huber', 'verbosity': -1, 'boosting_type': 'gbdt', 'feature_pre_filter': False, 'lambda_l1': 1.161658948484919e-08, 'lambda_l2': 6.571163207428156e-08, 'num_leaves': 11, 'feature_fraction': 0.8999999999999999, 'bagging_fraction': 1.0, 'bagging_freq': 0, 'min_child_samples': 5}","['DS_WS_in(%)', 'FA(mg/L)', 'pH', 'Q_PS_in(m³/d)']"
52,4180.147791649282,34624540.80559509,5884.2621292388985,0.7008379028721108,5856.129848100166,71440257.88659833,8452.23389918892,0.4665776804563605,0.39839623849222516,"{'objective': 'regression', 'metric': 'huber', 'verbosity': -1, 'boosting_type': 'gbdt', 'feature_pre_filter': False, 'lambda_l1': 0.00013194449312775466, 'lambda_l2': 1.1323342574942026e-08, 'num_leaves': 31, 'feature_fraction': 0.8999999999999999, 'bagging_fraction': 0.525608233320274, 'bagging_freq': 7, 'min_child_samples': 20}","['DS_WS_in(%)', 'FA(mg/L)', 'pH', 'Q_WS_in(m³/d)']"
53,3322.0548087918683,22038193.57202893,4694.485442732668,0.8095861474976396,5647.5567793201035,66759227.58313122,8170.632018585296,0.501529486569562,0.3368232798648518,"{'objective': 'regression', 'metric': 'huber', 'verbosity': -1, 'boosting_type': 'gbdt', 'feature_pre_filter': False, 'lambda_l1': 3.0561505643433053e-06, 'lambda_l2': 0.06012007950445084, 'num_leaves': 31, 'feature_fraction': 0.8, 'bagging_fraction': 1.0, 'bagging_freq': 0, 'min_child_samples': 20}","['DS_WS_in(%)', 'FA(mg/L)', 'pH', 'Q_Total(m³/d)']"
54,2407.615981585798,10632954.152264452,3260.8210855955363,0.9081294137381858,5588.708440804054,61043312.717922516,7813.021996508298,0.5442084557658022,0.4202831980754156,"{'objective': 'regression', 'metric': 'huber', 'verbosity': -1, 'boosting_type': 'gbdt', 'feature_pre_filter': False, 'lambda_l1': 1.8467810126027414e-06, 'lambda_l2': 4.369886252087425e-07, 'num_leaves': 31, 'feature_fraction': 0.8, 'bagging_fraction': 0.9817222664736892, 'bagging_freq': 7, 'min_child_samples': 10}","['DS_WS_in(%)', 'FA(mg/L)', 'pH', 'Q_eff(m³/d)']"
55,4107.7526519246885,34117737.50309541,5841.039077347062,0.7052167721734661,6542.150130948443,101054447.45809133,10052.584118429018,0.24545768229361264,0.2847470729610465,"{'objective': 'regression', 'metric': 'huber', 'verbosity': -1, 'boosting_type': 'gbdt', 'feature_pre_filter': False, 'lambda_l1': 0.026111272093054357, 'lambda_l2': 0.07704827259862654, 'num_leaves': 31, 'feature_fraction': 0.8, 'bagging_fraction': 0.8340662326230404, 'bagging_freq': 3, 'min_child_samples': 25}","['DS_WS_in(%)', 'FA(mg/L)', 'T(°C)', 'Q_PS/Q_WS']"
56,4299.698929524427,39073924.809844814,6250.913917967901,0.6623944457556041,6498.365062377346,92078066.63359049,9595.73168828675,0.31248154281932505,0.23860452979154875,"{'objective': 'regression', 'metric': 'huber', 'verbosity': -1, 'boosting_type': 'gbdt', 'feature_pre_filter': False, 'lambda_l1': 0.00013194449312775466, 'lambda_l2': 1.1323342574942026e-08, 'num_leaves': 11, 'feature_fraction': 0.8999999999999999, 'bagging_fraction': 1.0, 'bagging_freq': 0, 'min_child_samples': 10}","['DS_WS_in(%)', 'FA(mg/L)', 'T(°C)', 'Q_PS_in(m³/d)']"
57,4452.600136908056,39180359.47380291,6259.421656495343,0.6614748316167312,6365.174509101907,93768347.68007231,9683.40578929089,0.2998607368036721,0.29469330267474997,"{'objective': 'regression', 'metric': 'huber', 'verbosity': -1, 'boosting_type': 'gbdt', 'feature_pre_filter': False, 'lambda_l1': 0.013421049251066644, 'lambda_l2': 0.02363268578031524, 'num_leaves': 11, 'feature_fraction': 0.8999999999999999, 'bagging_fraction': 0.6447542712629192, 'bagging_freq': 1, 'min_child_samples': 20}","['DS_WS_in(%)', 'FA(mg/L)', 'T(°C)', 'Q_WS_in(m³/d)']"
58,2402.340604687849,11030387.78628748,3321.2027619956416,0.9046955175288164,7142.408393735578,113104660.496002,10635.067489019617,0.15548246692022116,0.17714626404986925,"{'objective': 'regression', 'metric': 'huber', 'verbosity': -1, 'boosting_type': 'gbdt', 'feature_pre_filter': False, 'lambda_l1': 8.53145865210194e-05, 'lambda_l2': 1.1361966183768311e-08, 'num_leaves': 31, 'feature_fraction': 0.8, 'bagging_fraction': 0.9817222664736892, 'bagging_freq': 7, 'min_child_samples': 5}","['DS_WS_in(%)', 'FA(mg/L)', 'T(°C)', 'Q_Total(m³/d)']"
59,3577.4197828681336,23017464.35365814,4797.6519625393985,0.8011250764228451,5984.034698501953,74550399.55547512,8634.257325067114,0.4433552141299505,0.3933585534819163,"{'objective': 'regression', 'metric': 'huber', 'verbosity': -1, 'boosting_type': 'gbdt', 'feature_pre_filter': False, 'lambda_l1': 5.710118759034477e-05, 'lambda_l2': 6.436241242885594e-07, 'num_leaves': 11, 'feature_fraction': 0.8999999999999999, 'bagging_fraction': 0.984456313221842, 'bagging_freq': 7, 'min_child_samples': 5}","['DS_WS_in(%)', 'FA(mg/L)', 'T(°C)', 'Q_eff(m³/d)']"
60,2509.9133109406616,13986945.637605745,3739.9125173733337,0.8791503398455539,5559.840575595737,70334371.3950569,8386.558972251783,0.4748349929986304,0.355800106338101,"{'objective': 'regression', 'metric': 'huber', 'verbosity': -1, 'boosting_type': 'gbdt', 'feature_pre_filter': False, 'lambda_l1': 4.797156019213236, 'lambda_l2': 9.45708503693523, 'num_leaves': 31, 'feature_fraction': 0.8999999999999999, 'bagging_fraction': 1.0, 'bagging_freq': 0, 'min_child_samples': 5}","['VS_WS(%)', 'ALK(mg CaCO3/L)', 'pH', 'Q_PS/Q_WS']"
61,3822.0195961944905,32508749.041548733,5701.644415565454,0.71911871429924,5707.416194283336,72961658.70920111,8541.759696292158,0.4552178508622877,0.41508399465157736,"{'objective': 'regression', 'metric': 'huber', 'verbosity': -1, 'boosting_type': 'gbdt', 'feature_pre_filter': False, 'lambda_l1': 1.2516142522923167e-08, 'lambda_l2': 0.0006293123388975751, 'num_leaves': 11, 'feature_fraction': 0.8999999999999999, 'bagging_fraction': 0.9522193917473345, 'bagging_freq': 7, 'min_child_samples': 10}","['VS_WS(%)', 'ALK(mg CaCO3/L)', 'pH', 'Q_PS_in(m³/d)']"
62,3492.327820350535,27480926.196191963,5242.22530956005,0.7625599843177981,5693.6807206062695,69391498.45223682,8330.155968061872,0.48187513376901225,0.3996095466133763,"{'objective': 'regression', 'metric': 'huber', 'verbosity': -1, 'boosting_type': 'gbdt', 'feature_pre_filter': False, 'lambda_l1': 0.0, 'lambda_l2': 0.0, 'num_leaves': 31, 'feature_fraction': 0.8999999999999999, 'bagging_fraction': 0.6579863191033498, 'bagging_freq': 1, 'min_child_samples': 20}","['VS_WS(%)', 'ALK(mg CaCO3/L)', 'pH', 'Q_WS_in(m³/d)']"
63,1993.226518992102,9830025.21330597,3135.287102213443,0.9150668604056279,5741.925306096452,77357770.4885938,8795.326627737813,0.42239344328443285,0.35335542560805544,"{'objective': 'regression', 'metric': 'huber', 'verbosity': -1, 'boosting_type': 'gbdt', 'feature_pre_filter': False, 'lambda_l1': 0.00015354684801660467, 'lambda_l2': 0.002186586949074128, 'num_leaves': 31, 'feature_fraction': 0.8999999999999999, 'bagging_fraction': 0.9817222664736892, 'bagging_freq': 7, 'min_child_samples': 5}","['VS_WS(%)', 'ALK(mg CaCO3/L)', 'pH', 'Q_Total(m³/d)']"
64,2640.7366108550955,13665732.245521395,3696.719119100259,0.8819256798144234,5177.041381373227,58310516.51972438,7636.132301088318,0.5646134001208023,0.5339309824744003,"{'objective': 'regression', 'metric': 'huber', 'verbosity': -1, 'boosting_type': 'gbdt', 'feature_pre_filter': False, 'lambda_l1': 4.6544449278013065e-08, 'lambda_l2': 1.1509499726303425e-08, 'num_leaves': 31, 'feature_fraction': 0.8999999999999999, 'bagging_fraction': 0.9758624475682118, 'bagging_freq': 7, 'min_child_samples': 20}","['VS_WS(%)', 'ALK(mg CaCO3/L)', 'pH', 'Q_eff(m³/d)']"
65,4531.669253261411,44325766.6677843,6657.7598836083225,0.6170176122308886,6005.868514549212,83970987.5242903,9163.568492912043,0.3730145961863949,0.31342731803918317,"{'objective': 'regression', 'metric': 'huber', 'verbosity': -1, 'boosting_type': 'gbdt', 'feature_pre_filter': False, 'lambda_l1': 0.13607520246444538, 'lambda_l2': 0.3435838377437841, 'num_leaves': 11, 'feature_fraction': 0.8999999999999999, 'bagging_fraction': 0.47188117863746926, 'bagging_freq': 1, 'min_child_samples': 20}","['VS_WS(%)', 'ALK(mg CaCO3/L)', 'T(°C)', 'Q_PS/Q_WS']"
66,3881.2307126549103,35669742.33777091,5972.4151176698115,0.6918071785646718,6240.953628398462,81003470.33851923,9000.192794519417,0.3951721295904921,0.25603634799305147,"{'objective': 'regression', 'metric': 'huber', 'verbosity': -1, 'boosting_type': 'gbdt', 'feature_pre_filter': False, 'lambda_l1': 7.162338535748825, 'lambda_l2': 1.4756493047283683, 'num_leaves': 31, 'feature_fraction': 0.8999999999999999, 'bagging_fraction': 0.8934784303614005, 'bagging_freq': 4, 'min_child_samples': 20}","['VS_WS(%)', 'ALK(mg CaCO3/L)', 'T(°C)', 'Q_PS_in(m³/d)']"
67,3932.475292855577,31564979.88449203,5618.271966048994,0.7272730451195373,5853.203827345498,79187121.92059898,8898.714621820332,0.40873424169434813,0.3066465148242659,"{'objective': 'regression', 'metric': 'huber', 'verbosity': -1, 'boosting_type': 'gbdt', 'feature_pre_filter': False, 'lambda_l1': 0.0, 'lambda_l2': 0.0, 'num_leaves': 11, 'feature_fraction': 0.852, 'bagging_fraction': 0.6648341639387423, 'bagging_freq': 1, 'min_child_samples': 5}","['VS_WS(%)', 'ALK(mg CaCO3/L)', 'T(°C)', 'Q_WS_in(m³/d)']"
68,4061.6570408397347,34453254.59824468,5869.689480564085,0.7023178457047894,6367.016389525651,89628110.75111948,9467.212406570347,0.3307746059782197,0.2738571992732893,"{'objective': 'regression', 'metric': 'huber', 'verbosity': -1, 'boosting_type': 'gbdt', 'feature_pre_filter': False, 'lambda_l1': 0.005373575450092764, 'lambda_l2': 0.0023759649438441026, 'num_leaves': 11, 'feature_fraction': 0.8999999999999999, 'bagging_fraction': 1.0, 'bagging_freq': 0, 'min_child_samples': 5}","['VS_WS(%)', 'ALK(mg CaCO3/L)', 'T(°C)', 'Q_Total(m³/d)']"
69,3610.2491506795764,28895885.60763293,5375.48933657513,0.7503344871695696,5280.545807434884,59670735.15471097,7724.683498675591,0.5544570680914194,0.43847096991617507,"{'objective': 'regression', 'metric': 'huber', 'verbosity': -1, 'boosting_type': 'gbdt', 'feature_pre_filter': False, 'lambda_l1': 0.03243347550935891, 'lambda_l2': 2.021802455951205e-06, 'num_leaves': 31, 'feature_fraction': 0.8, 'bagging_fraction': 0.657471496220447, 'bagging_freq': 1, 'min_child_samples': 20}","['VS_WS(%)', 'ALK(mg CaCO3/L)', 'T(°C)', 'Q_eff(m³/d)']"
70,2991.8948803523185,20380751.787992228,4514.504600506265,0.8239067348164376,5760.434596771965,72860958.40455653,8535.863073208035,0.45596974890509046,0.35637100884752276,"{'objective': 'regression', 'metric': 'huber', 'verbosity': -1, 'boosting_type': 'gbdt', 'feature_pre_filter': False, 'lambda_l1': 4.344469108550396, 'lambda_l2': 4.206722334634136, 'num_leaves': 31, 'feature_fraction': 0.8999999999999999, 'bagging_fraction': 1.0, 'bagging_freq': 0, 'min_child_samples': 20}","['VS_WS(%)', 'FA(mg/L)', 'pH', 'Q_PS/Q_WS']"
71,3712.055681196407,29337519.3935477,5416.412040599173,0.7465186939060979,5707.358375161298,73094648.45746508,8549.540833136309,0.45422485752641395,0.3922718228096375,"{'objective': 'regression', 'metric': 'huber', 'verbosity': -1, 'boosting_type': 'gbdt', 'feature_pre_filter': False, 'lambda_l1': 1.2053223266444508e-06, 'lambda_l2': 3.9768159383682626e-07, 'num_leaves': 11, 'feature_fraction': 0.8999999999999999, 'bagging_fraction': 0.6579863191033498, 'bagging_freq': 1, 'min_child_samples': 5}","['VS_WS(%)', 'FA(mg/L)', 'pH', 'Q_PS_in(m³/d)']"
72,3228.4397186726615,23883553.30270024,4887.080243120655,0.7936419162056603,5534.922885560179,66564698.38538707,8158.719163287034,0.5029819759494907,0.37837199393242826,"{'objective': 'regression', 'metric': 'huber', 'verbosity': -1, 'boosting_type': 'gbdt', 'feature_pre_filter': False, 'lambda_l1': 9.04825794855607, 'lambda_l2': 9.875454224564958, 'num_leaves': 31, 'feature_fraction': 0.8999999999999999, 'bagging_fraction': 1.0, 'bagging_freq': 0, 'min_child_samples': 20}","['VS_WS(%)', 'FA(mg/L)', 'pH', 'Q_WS_in(m³/d)']"
73,3028.2820986298457,21001472.47526258,4582.736352362263,0.8185435993577732,5643.88661597031,69092921.71721815,8312.215211194796,0.4841045139429786,0.33855782316344457,"{'objective': 'regression', 'metric': 'huber', 'verbosity': -1, 'boosting_type': 'gbdt', 'feature_pre_filter': False, 'lambda_l1': 5.385947356050345e-05, 'lambda_l2': 1.1311675575364515e-08, 'num_leaves': 31, 'feature_fraction': 0.8999999999999999, 'bagging_fraction': 1.0, 'bagging_freq': 0, 'min_child_samples': 20}","['VS_WS(%)', 'FA(mg/L)', 'pH', 'Q_Total(m³/d)']"
74,2893.2997722547957,16570667.557847787,4070.708483525661,0.8568265299098565,5160.6141160384095,58544999.09564548,7651.4703878173295,0.5628625912178034,0.5383510400487328,"{'objective': 'regression', 'metric': 'huber', 'verbosity': -1, 'boosting_type': 'gbdt', 'feature_pre_filter': False, 'lambda_l1': 5.724039535300767, 'lambda_l2': 6.184477606865864, 'num_leaves': 31, 'feature_fraction': 0.8999999999999999, 'bagging_fraction': 0.9313938000875651, 'bagging_freq': 7, 'min_child_samples': 20}","['VS_WS(%)', 'FA(mg/L)', 'pH', 'Q_eff(m³/d)']"
75,4765.185924520043,48288815.07895142,6949.015403562682,0.5827761798214075,6167.016559107629,87977674.9817112,9379.641516695145,0.3430978996283217,0.2668754376477811,"{'objective': 'regression', 'metric': 'huber', 'verbosity': -1, 'boosting_type': 'gbdt', 'feature_pre_filter': False, 'lambda_l1': 0.0, 'lambda_l2': 0.0, 'num_leaves': 31, 'feature_fraction': 0.852, 'bagging_fraction': 0.43700975090822886, 'bagging_freq': 1, 'min_child_samples': 20}","['VS_WS(%)', 'FA(mg/L)', 'T(°C)', 'Q_PS/Q_WS']"
76,4943.97262579042,51554611.74988759,7180.154019927956,0.5545591245727595,6540.783088187578,88465183.41604325,9405.593198519871,0.33945782486471576,0.22756963754120565,"{'objective': 'regression', 'metric': 'huber', 'verbosity': -1, 'boosting_type': 'gbdt', 'feature_pre_filter': False, 'lambda_l1': 2.571068824614606e-07, 'lambda_l2': 8.662405046651343e-06, 'num_leaves': 11, 'feature_fraction': 0.8, 'bagging_fraction': 0.6648341639387423, 'bagging_freq': 1, 'min_child_samples': 20}","['VS_WS(%)', 'FA(mg/L)', 'T(°C)', 'Q_PS_in(m³/d)']"
77,2176.9199409622174,10983102.788049342,3314.0764608031213,0.9051040681956696,6126.983107379643,95639302.46360137,9779.534879716999,0.2858908958496327,0.22424051291222807,"{'objective': 'regression', 'metric': 'huber', 'verbosity': -1, 'boosting_type': 'gbdt', 'feature_pre_filter': False, 'lambda_l1': 7.409600390599519e-05, 'lambda_l2': 1.4509648127973739e-08, 'num_leaves': 31, 'feature_fraction': 0.8999999999999999, 'bagging_fraction': 1.0, 'bagging_freq': 0, 'min_child_samples': 5}","['VS_WS(%)', 'FA(mg/L)', 'T(°C)', 'Q_WS_in(m³/d)']"
78,2556.885582278425,14142710.31038974,3760.6795011526497,0.8778045057901613,6413.499777864308,90233394.51501526,9499.12598690086,0.32625513923956506,0.189887223883012,"{'objective': 'regression', 'metric': 'huber', 'verbosity': -1, 'boosting_type': 'gbdt', 'feature_pre_filter': False, 'lambda_l1': 7.409600390599519e-05, 'lambda_l2': 1.4509648127973739e-08, 'num_leaves': 31, 'feature_fraction': 0.8, 'bagging_fraction': 0.9578337721785286, 'bagging_freq': 7, 'min_child_samples': 5}","['VS_WS(%)', 'FA(mg/L)', 'T(°C)', 'Q_Total(m³/d)']"
79,3778.898924558965,29821921.227682322,5460.945085576518,0.7423333772150852,5202.178958135734,59246591.92410501,7697.180777668212,0.5576240144684566,0.4439151521487477,"{'objective': 'regression', 'metric': 'huber', 'verbosity': -1, 'boosting_type': 'gbdt', 'feature_pre_filter': False, 'lambda_l1': 9.522759892785809e-05, 'lambda_l2': 1.513761339126993e-08, 'num_leaves': 11, 'feature_fraction': 0.8999999999999999, 'bagging_fraction': 1.0, 'bagging_freq': 0, 'min_child_samples': 20}","['VS_WS(%)', 'FA(mg/L)', 'T(°C)', 'Q_eff(m³/d)']"
80,3074.8881052451875,18384856.054898757,4287.756529340111,0.8411516235360698,4581.634990980426,41133801.08572081,6413.563836567062,0.6928666240032153,0.5863273232098023,"{'objective': 'regression', 'metric': 'huber', 'verbosity': -1, 'boosting_type': 'gbdt', 'feature_pre_filter': False, 'lambda_l1': 0.005373575450092764, 'lambda_l2': 0.00934669040346174, 'num_leaves': 11, 'feature_fraction': 0.8999999999999999, 'bagging_fraction': 1.0, 'bagging_freq': 0, 'min_child_samples': 5}","['DS_Digester(%)', 'ALK(mg CaCO3/L)', 'pH', 'Q_PS/Q_WS']"
81,2662.475027903809,15624173.873970265,3952.7425762336543,0.8650044011190927,4785.651350481311,49386215.192789935,7027.532653270985,0.6312483991388107,0.5688408322435483,"{'objective': 'regression', 'metric': 'huber', 'verbosity': -1, 'boosting_type': 'gbdt', 'feature_pre_filter': False, 'lambda_l1': 0.0, 'lambda_l2': 0.0, 'num_leaves': 31, 'feature_fraction': 0.8999999999999999, 'bagging_fraction': 0.6474981438818985, 'bagging_freq': 1, 'min_child_samples': 10}","['DS_Digester(%)', 'ALK(mg CaCO3/L)', 'pH', 'Q_PS_in(m³/d)']"
82,3120.4753029811905,20366294.626584124,4512.903126213117,0.8240316472232085,4377.489281837245,38786185.978928864,6227.855648530148,0.7103955402292521,0.5835767911085202,"{'objective': 'regression', 'metric': 'huber', 'verbosity': -1, 'boosting_type': 'gbdt', 'feature_pre_filter': False, 'lambda_l1': 0.011860869298079413, 'lambda_l2': 0.0029151079770917093, 'num_leaves': 11, 'feature_fraction': 0.8999999999999999, 'bagging_fraction': 0.9817222664736892, 'bagging_freq': 7, 'min_child_samples': 5}","['DS_Digester(%)', 'ALK(mg CaCO3/L)', 'pH', 'Q_WS_in(m³/d)']"
83,2039.7456239391463,10067058.276676241,3172.862788819624,0.9130188532212253,4896.592505032729,48820433.03032855,6987.16201546297,0.6354729196316627,0.5041529891631725,"{'objective': 'regression', 'metric': 'huber', 'verbosity': -1, 'boosting_type': 'gbdt', 'feature_pre_filter': False, 'lambda_l1': 1.6264153883601294e-08, 'lambda_l2': 0.0005125908843178894, 'num_leaves': 31, 'feature_fraction': 0.8999999999999999, 'bagging_fraction': 0.9817222664736892, 'bagging_freq': 7, 'min_child_samples': 5}","['DS_Digester(%)', 'ALK(mg CaCO3/L)', 'pH', 'Q_Total(m³/d)']"
84,2012.3463477267194,9378909.599732408,3062.500546895038,0.9189645783208354,4679.311529448312,42918154.042197555,6551.194856069964,0.6795434121184086,0.5347230683691283,"{'objective': 'regression', 'metric': 'huber', 'verbosity': -1, 'boosting_type': 'gbdt', 'feature_pre_filter': False, 'lambda_l1': 4.648765661147256e-07, 'lambda_l2': 1.964688024730142e-07, 'num_leaves': 31, 'feature_fraction': 0.8999999999999999, 'bagging_fraction': 0.9817222664736892, 'bagging_freq': 7, 'min_child_samples': 5}","['DS_Digester(%)', 'ALK(mg CaCO3/L)', 'pH', 'Q_eff(m³/d)']"
85,3335.2281515542454,21787355.14394611,4667.692700247748,0.8117534354511998,4852.267893108168,50838187.16431284,7130.090263405706,0.6204069733114916,0.4688275918090795,"{'objective': 'regression', 'metric': 'huber', 'verbosity': -1, 'boosting_type': 'gbdt', 'feature_pre_filter': False, 'lambda_l1': 0.01951885558327117, 'lambda_l2': 7.880283246181057e-05, 'num_leaves': 20, 'feature_fraction': 0.8999999999999999, 'bagging_fraction': 0.9979895414858403, 'bagging_freq': 7, 'min_child_samples': 20}","['DS_Digester(%)', 'ALK(mg CaCO3/L)', 'T(°C)', 'Q_PS/Q_WS']"
86,4325.404937566705,37157131.41755173,6095.664969267236,0.6789558763957648,5018.249841688347,54359008.853811406,7372.856220882882,0.594118086234781,0.46318073512823527,"{'objective': 'regression', 'metric': 'huber', 'verbosity': -1, 'boosting_type': 'gbdt', 'feature_pre_filter': False, 'lambda_l1': 3.59042834324054e-08, 'lambda_l2': 0.00054869183623367, 'num_leaves': 11, 'feature_fraction': 0.8999999999999999, 'bagging_fraction': 0.4960323087950914, 'bagging_freq': 2, 'min_child_samples': 20}","['DS_Digester(%)', 'ALK(mg CaCO3/L)', 'T(°C)', 'Q_PS_in(m³/d)']"
87,3910.9273889869137,30006227.991418593,5477.794080779105,0.7407409344946525,4884.305050492118,50914412.263502784,7135.433572215691,0.6198378240611924,0.462387042756858,"{'objective': 'regression', 'metric': 'huber', 'verbosity': -1, 'boosting_type': 'gbdt', 'feature_pre_filter': False, 'lambda_l1': 0.0001653282123997984, 'lambda_l2': 1.34463707194387e-08, 'num_leaves': 11, 'feature_fraction': 0.8999999999999999, 'bagging_fraction': 0.9903369896385679, 'bagging_freq': 7, 'min_child_samples': 20}","['DS_Digester(%)', 'ALK(mg CaCO3/L)', 'T(°C)', 'Q_WS_in(m³/d)']"
88,4077.7027699067944,31966411.15497389,5653.884607504286,0.7238046086309684,5097.602266622242,55658118.39491588,7460.436876947347,0.5844180369172488,0.4272147025038045,"{'objective': 'regression', 'metric': 'huber', 'verbosity': -1, 'boosting_type': 'gbdt', 'feature_pre_filter': False, 'lambda_l1': 0.0, 'lambda_l2': 0.0, 'num_leaves': 11, 'feature_fraction': 0.8999999999999999, 'bagging_fraction': 1.0, 'bagging_freq': 0, 'min_child_samples': 20}","['DS_Digester(%)', 'ALK(mg CaCO3/L)', 'T(°C)', 'Q_Total(m³/d)']"
89,2232.661875206563,10974143.853431327,3312.724536304117,0.9051814749599472,4666.098363029552,42171299.85701185,6493.943321050149,0.6851199414256659,0.5502373812113014,"{'objective': 'regression', 'metric': 'huber', 'verbosity': -1, 'boosting_type': 'gbdt', 'feature_pre_filter': False, 'lambda_l1': 2.0344934378634e-07, 'lambda_l2': 6.99971562511126e-08, 'num_leaves': 31, 'feature_fraction': 0.8999999999999999, 'bagging_fraction': 0.6924658442570689, 'bagging_freq': 4, 'min_child_samples': 5}","['DS_Digester(%)', 'ALK(mg CaCO3/L)', 'T(°C)', 'Q_eff(m³/d)']"
90,3075.985027247609,18481697.47022622,4299.034481162744,0.840314896745645,4576.537920923439,41693966.02542174,6457.086496665639,0.6886840455761245,0.5786926779359538,"{'objective': 'regression', 'metric': 'huber', 'verbosity': -1, 'boosting_type': 'gbdt', 'feature_pre_filter': False, 'lambda_l1': 1.7238246488428573e-08, 'lambda_l2': 1.9164141254917192e-05, 'num_leaves': 11, 'feature_fraction': 0.8999999999999999, 'bagging_fraction': 1.0, 'bagging_freq': 0, 'min_child_samples': 5}","['DS_Digester(%)', 'FA(mg/L)', 'pH', 'Q_PS/Q_WS']"
91,3253.5950362074454,21375630.437514465,4623.37868203703,0.8153108090292936,4627.137217677926,44611517.16249006,6679.185366681334,0.6668995932104491,0.582481121944309,"{'objective': 'regression', 'metric': 'huber', 'verbosity': -1, 'boosting_type': 'gbdt', 'feature_pre_filter': False, 'lambda_l1': 0.0, 'lambda_l2': 0.0, 'num_leaves': 11, 'feature_fraction': 0.8999999999999999, 'bagging_fraction': 0.6579863191033498, 'bagging_freq': 1, 'min_child_samples': 5}","['DS_Digester(%)', 'FA(mg/L)', 'pH', 'Q_PS_in(m³/d)']"
92,2488.824767552849,13538775.128981741,3679.5074573890647,0.8830226115381554,4650.034581196342,44316265.716528326,6657.046320743782,0.6691041444790562,0.5683846467581011,"{'objective': 'regression', 'metric': 'huber', 'verbosity': -1, 'boosting_type': 'gbdt', 'feature_pre_filter': False, 'lambda_l1': 0.0, 'lambda_l2': 0.0, 'num_leaves': 20, 'feature_fraction': 0.8999999999999999, 'bagging_fraction': 0.6648341639387423, 'bagging_freq': 1, 'min_child_samples': 5}","['DS_Digester(%)', 'FA(mg/L)', 'pH', 'Q_WS_in(m³/d)']"
93,2421.453941673844,12949378.718605844,3598.5245196616133,0.888115099757933,4632.843706646105,41283668.87065045,6425.236872726985,0.6917476075854844,0.5076612219951204,"{'objective': 'regression', 'metric': 'huber', 'verbosity': -1, 'boosting_type': 'gbdt', 'feature_pre_filter': False, 'lambda_l1': 0.0037368950129608785, 'lambda_l2': 3.8883482808077208, 'num_leaves': 31, 'feature_fraction': 0.8999999999999999, 'bagging_fraction': 1.0, 'bagging_freq': 0, 'min_child_samples': 5}","['DS_Digester(%)', 'FA(mg/L)', 'pH', 'Q_Total(m³/d)']"
94,2126.521996755644,10179516.373325964,3190.5354367763985,0.9120471955688788,4676.682852078714,41493577.92855395,6441.550894664572,0.6901802815445028,0.5414702766434372,"{'objective': 'regression', 'metric': 'huber', 'verbosity': -1, 'boosting_type': 'gbdt', 'feature_pre_filter': False, 'lambda_l1': 0.9352053902348814, 'lambda_l2': 1.4756493047283683, 'num_leaves': 31, 'feature_fraction': 0.8999999999999999, 'bagging_fraction': 0.8236186322391132, 'bagging_freq': 1, 'min_child_samples': 5}","['DS_Digester(%)', 'FA(mg/L)', 'pH', 'Q_eff(m³/d)']"
95,3925.1183548051936,30180771.06331876,5493.702855389865,0.7392328517818165,4973.975982119906,55402439.80326097,7443.28152116128,0.586327109916883,0.4480839401415297,"{'objective': 'regression', 'metric': 'huber', 'verbosity': -1, 'boosting_type': 'gbdt', 'feature_pre_filter': False, 'lambda_l1': 0.00010502275632955772, 'lambda_l2': 1.0573903468419374e-08, 'num_leaves': 11, 'feature_fraction': 0.8999999999999999, 'bagging_fraction': 0.8373611683160872, 'bagging_freq': 3, 'min_child_samples': 20}","['DS_Digester(%)', 'FA(mg/L)', 'T(°C)', 'Q_PS/Q_WS']"
96,3249.9796543019065,20106039.93100485,4483.975906603965,0.8262802933772189,4997.158919326475,54846884.12529399,7405.868222247409,0.5904752724115816,0.39732318766216734,"{'objective': 'regression', 'metric': 'huber', 'verbosity': -1, 'boosting_type': 'gbdt', 'feature_pre_filter': False, 'lambda_l1': 9.514387415230122e-08, 'lambda_l2': 3.285938584011414e-06, 'num_leaves': 20, 'feature_fraction': 0.8999999999999999, 'bagging_fraction': 0.5392775911392285, 'bagging_freq': 3, 'min_child_samples': 5}","['DS_Digester(%)', 'FA(mg/L)', 'T(°C)', 'Q_PS_in(m³/d)']"
97,3000.2684859627802,18830397.735135876,4339.400619340864,0.8373020653811762,4702.247018963865,49119478.182601966,7008.528959960283,0.6332400419308687,0.3864908727566755,"{'objective': 'regression', 'metric': 'huber', 'verbosity': -1, 'boosting_type': 'gbdt', 'feature_pre_filter': False, 'lambda_l1': 0.00011390623806689532, 'lambda_l2': 1.2464592465506309e-08, 'num_leaves': 20, 'feature_fraction': 0.8999999999999999, 'bagging_fraction': 1.0, 'bagging_freq': 0, 'min_child_samples': 10}","['DS_Digester(%)', 'FA(mg/L)', 'T(°C)', 'Q_WS_in(m³/d)']"
98,3488.8128812523078,25074528.76832003,5007.447330558758,0.7833516795806273,5420.790432805875,62574905.84083455,7910.430193158559,0.5327725234163183,0.37841564418165285,"{'objective': 'regression', 'metric': 'huber', 'verbosity': -1, 'boosting_type': 'gbdt', 'feature_pre_filter': False, 'lambda_l1': 8.53145865210194e-05, 'lambda_l2': 1.1361966183768311e-08, 'num_leaves': 31, 'feature_fraction': 0.8999999999999999, 'bagging_fraction': 1.0, 'bagging_freq': 0, 'min_child_samples': 20}","['DS_Digester(%)', 'FA(mg/L)', 'T(°C)', 'Q_Total(m³/d)']"
99,2564.4072619402036,14063952.865886612,3750.193710448383,0.878484983905215,4422.243385643997,38265588.94540042,6185.918601582179,0.7142826773335595,0.5880368270008127,"{'objective': 'regression', 'metric': 'huber', 'verbosity': -1, 'boosting_type': 'gbdt', 'feature_pre_filter': False, 'lambda_l1': 2.528830125346667e-06, 'lambda_l2': 8.498547779430848e-07, 'num_leaves': 31, 'feature_fraction': 0.8999999999999999, 'bagging_fraction': 0.657471496220447, 'bagging_freq': 1, 'min_child_samples': 10}","['DS_Digester(%)', 'FA(mg/L)', 'T(°C)', 'Q_eff(m³/d)']"
100,1926.0834852630092,7613843.989157506,2759.319479356732,0.934215054351483,4828.662707268612,47251102.402772106,6873.943729968417,0.6471906262615974,0.5277699114432923,"{'objective': 'regression', 'metric': 'huber', 'verbosity': -1, 'boosting_type': 'gbdt', 'feature_pre_filter': False, 'lambda_l1': 7.462167814768001e-07, 'lambda_l2': 3.5941069017680374e-06, 'num_leaves': 31, 'feature_fraction': 0.8999999999999999, 'bagging_fraction': 0.8079627457886035, 'bagging_freq': 4, 'min_child_samples': 10}","['DS_eff(%)', 'ALK(mg CaCO3/L)', 'pH', 'Q_PS/Q_WS']"
101,1996.7976452401178,8755460.56938446,2958.9627522806804,0.9243512871415659,4713.997473203421,46192547.59072476,6796.509956641332,0.6550945277858989,0.5624027642192363,"{'objective': 'regression', 'metric': 'huber', 'verbosity': -1, 'boosting_type': 'gbdt', 'feature_pre_filter': False, 'lambda_l1': 1.3815073407783029e-08, 'lambda_l2': 1.2532391427155497e-08, 'num_leaves': 31, 'feature_fraction': 0.8999999999999999, 'bagging_fraction': 0.9899322939516817, 'bagging_freq': 7, 'min_child_samples': 10}","['DS_eff(%)', 'ALK(mg CaCO3/L)', 'pH', 'Q_PS_in(m³/d)']"
102,1600.1319807079128,5142319.058417118,2267.6681984843194,0.9555694626463267,4780.6961060276535,46939959.41719962,6851.274291487652,0.649513834743533,0.5421829908239136,"{'objective': 'regression', 'metric': 'huber', 'verbosity': -1, 'boosting_type': 'gbdt', 'feature_pre_filter': False, 'lambda_l1': 0.5936775652745624, 'lambda_l2': 2.523795366811064e-07, 'num_leaves': 31, 'feature_fraction': 0.8999999999999999, 'bagging_fraction': 0.8681184523041903, 'bagging_freq': 2, 'min_child_samples': 5}","['DS_eff(%)', 'ALK(mg CaCO3/L)', 'pH', 'Q_WS_in(m³/d)']"
103,2027.9094661817105,8394826.948568057,2897.3827756387414,0.9274672247912235,4959.095603728525,51162353.67403085,7152.786427262515,0.617986522201046,0.48929826151237865,"{'objective': 'regression', 'metric': 'huber', 'verbosity': -1, 'boosting_type': 'gbdt', 'feature_pre_filter': False, 'lambda_l1': 1.0852080891339923e-08, 'lambda_l2': 0.011667293932094511, 'num_leaves': 31, 'feature_fraction': 0.8999999999999999, 'bagging_fraction': 0.9903369896385679, 'bagging_freq': 7, 'min_child_samples': 10}","['DS_eff(%)', 'ALK(mg CaCO3/L)', 'pH', 'Q_Total(m³/d)']"
104,1955.1903317621866,7871180.48849883,2805.5624192840246,0.9319916219240972,5038.268121933388,49952363.3160145,7067.6985869527925,0.6270211461300785,0.5470149315793087,"{'objective': 'regression', 'metric': 'huber', 'verbosity': -1, 'boosting_type': 'gbdt', 'feature_pre_filter': False, 'lambda_l1': 1.2051520688206232, 'lambda_l2': 0.00046071514713533814, 'num_leaves': 31, 'feature_fraction': 0.8999999999999999, 'bagging_fraction': 0.8467965396711861, 'bagging_freq': 1, 'min_child_samples': 10}","['DS_eff(%)', 'ALK(mg CaCO3/L)', 'pH', 'Q_eff(m³/d)']"
105,1748.390079430978,5921005.729199902,2433.311679419614,0.9488414734220113,4871.653854791246,67336300.98219433,8205.869910143247,0.49722065790374426,0.46627449470389565,"{'objective': 'regression', 'metric': 'huber', 'verbosity': -1, 'boosting_type': 'gbdt', 'feature_pre_filter': False, 'lambda_l1': 3.8172407070170327e-07, 'lambda_l2': 3.390466844812797e-07, 'num_leaves': 31, 'feature_fraction': 0.8999999999999999, 'bagging_fraction': 0.6719818976264487, 'bagging_freq': 1, 'min_child_samples': 5}","['DS_eff(%)', 'ALK(mg CaCO3/L)', 'T(°C)', 'Q_PS/Q_WS']"
106,2137.1177226650166,8833728.348668665,2972.158870025064,0.9236750398197697,4850.377571430852,57389169.57406379,7575.563977293294,0.5714928129252584,0.45211616660541953,"{'objective': 'regression', 'metric': 'huber', 'verbosity': -1, 'boosting_type': 'gbdt', 'feature_pre_filter': False, 'lambda_l1': 1.2782881051794881e-07, 'lambda_l2': 0.004334343191406657, 'num_leaves': 31, 'feature_fraction': 0.8999999999999999, 'bagging_fraction': 0.6474981438818985, 'bagging_freq': 1, 'min_child_samples': 5}","['DS_eff(%)', 'ALK(mg CaCO3/L)', 'T(°C)', 'Q_PS_in(m³/d)']"
107,1927.3821234145112,7490132.616681206,2736.8106651139033,0.9352839422780082,5069.8390197073295,66751352.43772316,8170.150086609374,0.5015882878456852,0.45593048569861117,"{'objective': 'regression', 'metric': 'huber', 'verbosity': -1, 'boosting_type': 'gbdt', 'feature_pre_filter': False, 'lambda_l1': 3.233385196074704e-08, 'lambda_l2': 1.5975005423774879e-06, 'num_leaves': 31, 'feature_fraction': 0.8999999999999999, 'bagging_fraction': 0.6474981438818985, 'bagging_freq': 1, 'min_child_samples': 5}","['DS_eff(%)', 'ALK(mg CaCO3/L)', 'T(°C)', 'Q_WS_in(m³/d)']"
108,3674.250226829729,29759633.3940364,5455.239077624041,0.7428715550076426,5290.181493892967,66252904.962538496,8139.588746523899,0.5053100410454809,0.43399495189499115,"{'objective': 'regression', 'metric': 'huber', 'verbosity': -1, 'boosting_type': 'gbdt', 'feature_pre_filter': False, 'lambda_l1': 0.016181314918516015, 'lambda_l2': 1.3419306507215726e-08, 'num_leaves': 31, 'feature_fraction': 0.8999999999999999, 'bagging_fraction': 0.6667035411934498, 'bagging_freq': 1, 'min_child_samples': 20}","['DS_eff(%)', 'ALK(mg CaCO3/L)', 'T(°C)', 'Q_Total(m³/d)']"
109,3118.1612515448724,20991218.620009355,4581.617467664597,0.8186321944631472,4569.881359946863,42945041.26621241,6553.246620280089,0.679342653529003,0.5869836711600775,"{'objective': 'regression', 'metric': 'huber', 'verbosity': -1, 'boosting_type': 'gbdt', 'feature_pre_filter': False, 'lambda_l1': 0.007196371129534128, 'lambda_l2': 3.29371512057561e-07, 'num_leaves': 31, 'feature_fraction': 0.8999999999999999, 'bagging_fraction': 0.6474981438818985, 'bagging_freq': 1, 'min_child_samples': 20}","['DS_eff(%)', 'ALK(mg CaCO3/L)', 'T(°C)', 'Q_eff(m³/d)']"
110,3321.0106098209894,21550106.46961727,4642.209222947332,0.8138033055520492,4596.309872229874,41955249.49843107,6477.287202095571,0.6867331226601925,0.5751876984539165,"{'objective': 'regression', 'metric': 'huber', 'verbosity': -1, 'boosting_type': 'gbdt', 'feature_pre_filter': False, 'lambda_l1': 7.279012133288047e-05, 'lambda_l2': 1.0669370446856382e-08, 'num_leaves': 11, 'feature_fraction': 0.8999999999999999, 'bagging_fraction': 1.0, 'bagging_freq': 0, 'min_child_samples': 20}","['DS_eff(%)', 'FA(mg/L)', 'pH', 'Q_PS/Q_WS']"
111,2090.1990243598148,9368126.522696797,3060.739538526073,0.9190577459951037,4761.573677907093,48496551.33857979,6963.94653473013,0.6378912440943849,0.5677646184204895,"{'objective': 'regression', 'metric': 'huber', 'verbosity': -1, 'boosting_type': 'gbdt', 'feature_pre_filter': False, 'lambda_l1': 7.0088401150888355, 'lambda_l2': 6.016189525177162, 'num_leaves': 31, 'feature_fraction': 0.8999999999999999, 'bagging_fraction': 0.9863983065438467, 'bagging_freq': 7, 'min_child_samples': 5}","['DS_eff(%)', 'FA(mg/L)', 'pH', 'Q_PS_in(m³/d)']"
112,1547.6775992512771,4833894.27616986,2198.6118975776194,0.9582343067862493,4686.847054299623,42422757.05413327,6513.2754474329795,0.683242388273949,0.5522885702127918,"{'objective': 'regression', 'metric': 'huber', 'verbosity': -1, 'boosting_type': 'gbdt', 'feature_pre_filter': False, 'lambda_l1': 0.0016239764523822947, 'lambda_l2': 5.1972857326459285e-05, 'num_leaves': 31, 'feature_fraction': 0.8999999999999999, 'bagging_fraction': 0.9589555775347463, 'bagging_freq': 7, 'min_child_samples': 5}","['DS_eff(%)', 'FA(mg/L)', 'pH', 'Q_WS_in(m³/d)']"
113,2180.0845225901485,9655455.850002935,3107.322939445293,0.9165751702807896,4799.083397509453,46143577.299282536,6792.906395592577,0.6554601738126995,0.5016979653133807,"{'objective': 'regression', 'metric': 'huber', 'verbosity': -1, 'boosting_type': 'gbdt', 'feature_pre_filter': False, 'lambda_l1': 5.31904907294463, 'lambda_l2': 2.458176583063629, 'num_leaves': 31, 'feature_fraction': 0.8999999999999999, 'bagging_fraction': 0.9758624475682118, 'bagging_freq': 7, 'min_child_samples': 10}","['DS_eff(%)', 'FA(mg/L)', 'pH', 'Q_Total(m³/d)']"
114,2910.9475246267666,17815729.78284298,4220.868368338793,0.8460689742104005,4848.9806082487885,46272831.572402425,6802.413657842518,0.6544950721148867,0.5564891468240021,"{'objective': 'regression', 'metric': 'huber', 'verbosity': -1, 'boosting_type': 'gbdt', 'feature_pre_filter': False, 'lambda_l1': 5.31904907294463, 'lambda_l2': 2.458176583063629, 'num_leaves': 31, 'feature_fraction': 0.8999999999999999, 'bagging_fraction': 0.7503168532311979, 'bagging_freq': 3, 'min_child_samples': 20}","['DS_eff(%)', 'FA(mg/L)', 'pH', 'Q_eff(m³/d)']"
115,2352.810322619486,12253181.619940665,3500.454487625952,0.894130364630915,4888.792522296381,66856071.261560485,8176.556198153382,0.5008063847624145,0.48079418592205575,"{'objective': 'regression', 'metric': 'huber', 'verbosity': -1, 'boosting_type': 'gbdt', 'feature_pre_filter': False, 'lambda_l1': 2.276955105670868e-06, 'lambda_l2': 7.155446608025317, 'num_leaves': 31, 'feature_fraction': 0.8999999999999999, 'bagging_fraction': 0.6746927512736861, 'bagging_freq': 1, 'min_child_samples': 5}","['DS_eff(%)', 'FA(mg/L)', 'T(°C)', 'Q_PS/Q_WS']"
116,3881.2012458425675,31832235.524531692,5642.006338575994,0.7249639095791577,4680.8346641934495,53988534.53544664,7347.6890608848325,0.5968843034361127,0.5087382007372663,"{'objective': 'regression', 'metric': 'huber', 'verbosity': -1, 'boosting_type': 'gbdt', 'feature_pre_filter': False, 'lambda_l1': 3.2785399727277192e-06, 'lambda_l2': 0.016063101739857425, 'num_leaves': 11, 'feature_fraction': 0.8999999999999999, 'bagging_fraction': 0.6474981438818985, 'bagging_freq': 1, 'min_child_samples': 20}","['DS_eff(%)', 'FA(mg/L)', 'T(°C)', 'Q_PS_in(m³/d)']"
117,2422.0308204836615,13944225.93021455,3734.1968253179357,0.8795194455998684,5108.6198590501945,70334942.25611687,8386.593006466743,0.4748307305555801,0.4590625691205238,"{'objective': 'regression', 'metric': 'huber', 'verbosity': -1, 'boosting_type': 'gbdt', 'feature_pre_filter': False, 'lambda_l1': 0.00010961324327893886, 'lambda_l2': 0.017477346771423468, 'num_leaves': 31, 'feature_fraction': 0.8999999999999999, 'bagging_fraction': 0.6711318025470979, 'bagging_freq': 1, 'min_child_samples': 10}","['DS_eff(%)', 'FA(mg/L)', 'T(°C)', 'Q_WS_in(m³/d)']"
118,3651.7780101382696,29379361.99967409,5420.273240314928,0.7461571664603377,5332.581583239798,70506831.9112329,8396.834636411086,0.47354728364133325,0.428827558227631,"{'objective': 'regression', 'metric': 'huber', 'verbosity': -1, 'boosting_type': 'gbdt', 'feature_pre_filter': False, 'lambda_l1': 3.504211417139514e-07, 'lambda_l2': 4.235637856566509e-05, 'num_leaves': 31, 'feature_fraction': 0.8999999999999999, 'bagging_fraction': 0.6648341639387423, 'bagging_freq': 1, 'min_child_samples': 20}","['DS_eff(%)', 'FA(mg/L)', 'T(°C)', 'Q_Total(m³/d)']"
119,3113.4472111899004,21210427.57032788,4605.477995857529,0.8167381907374459,4550.546813884713,42367425.00460149,6509.0264252499,0.6836555355816365,0.5846183418461803,"{'objective': 'regression', 'metric': 'huber', 'verbosity': -1, 'boosting_type': 'gbdt', 'feature_pre_filter': False, 'lambda_l1': 2.616264036712058e-07, 'lambda_l2': 0.4036694477573324, 'num_leaves': 31, 'feature_fraction': 0.8999999999999999, 'bagging_fraction': 0.6474981438818985, 'bagging_freq': 1, 'min_child_samples': 20}","['DS_eff(%)', 'FA(mg/L)', 'T(°C)', 'Q_eff(m³/d)']"
120,3401.2877126115995,23823573.94335824,4880.939862706591,0.7941601483758971,5235.113709022296,58362677.636932924,7639.546952335127,0.5642239291844636,0.5442053734991943,"{'objective': 'regression', 'metric': 'huber', 'verbosity': -1, 'boosting_type': 'gbdt', 'feature_pre_filter': False, 'lambda_l1': 0.5723104008563444, 'lambda_l2': 9.55439144464189, 'num_leaves': 11, 'feature_fraction': 0.8999999999999999, 'bagging_fraction': 0.9926113208390698, 'bagging_freq': 7, 'min_child_samples': 5}","['VS_eff(%)', 'ALK(mg CaCO3/L)', 'pH', 'Q_PS/Q_WS']"
121,3045.8646089186263,19658902.030203864,4433.836040067772,0.8301436431573659,5145.490895779778,55485410.23285522,7448.8529474581,0.5857075953698058,0.5095338594819397,"{'objective': 'regression', 'metric': 'huber', 'verbosity': -1, 'boosting_type': 'gbdt', 'feature_pre_filter': False, 'lambda_l1': 9.55008669489756e-07, 'lambda_l2': 0.088231437260824, 'num_leaves': 11, 'feature_fraction': 0.8999999999999999, 'bagging_fraction': 0.9817222664736892, 'bagging_freq': 7, 'min_child_samples': 5}","['VS_eff(%)', 'ALK(mg CaCO3/L)', 'pH', 'Q_PS_in(m³/d)']"
122,1882.8474772166867,7549592.721175074,2747.652219836978,0.9347701965606078,5451.1359950492715,62286714.50998257,7892.193263598058,0.5349243589880692,0.5035935355642781,"{'objective': 'regression', 'metric': 'huber', 'verbosity': -1, 'boosting_type': 'gbdt', 'feature_pre_filter': False, 'lambda_l1': 5.31904907294463, 'lambda_l2': 2.458176583063629, 'num_leaves': 31, 'feature_fraction': 0.8999999999999999, 'bagging_fraction': 0.9168044736938319, 'bagging_freq': 7, 'min_child_samples': 5}","['VS_eff(%)', 'ALK(mg CaCO3/L)', 'pH', 'Q_WS_in(m³/d)']"
123,1955.3087516277683,7978644.52693935,2824.649452045218,0.9310631138093989,5267.650082338625,60091116.97711603,7751.846036726738,0.5513182069865612,0.4817532723390608,"{'objective': 'regression', 'metric': 'huber', 'verbosity': -1, 'boosting_type': 'gbdt', 'feature_pre_filter': False, 'lambda_l1': 0.00013194449312775466, 'lambda_l2': 1.1323342574942026e-08, 'num_leaves': 31, 'feature_fraction': 0.8999999999999999, 'bagging_fraction': 0.9817222664736892, 'bagging_freq': 7, 'min_child_samples': 10}","['VS_eff(%)', 'ALK(mg CaCO3/L)', 'pH', 'Q_Total(m³/d)']"
124,2253.91649171281,10520683.061568713,3243.5602447879264,0.9090994556263354,5013.135482058147,50731936.77537036,7122.6355217272185,0.6212003121179119,0.561149316614333,"{'objective': 'regression', 'metric': 'huber', 'verbosity': -1, 'boosting_type': 'gbdt', 'feature_pre_filter': False, 'lambda_l1': 5.394324270500976, 'lambda_l2': 9.51949759452216, 'num_leaves': 31, 'feature_fraction': 0.8, 'bagging_fraction': 0.9821363619411055, 'bagging_freq': 7, 'min_child_samples': 5}","['VS_eff(%)', 'ALK(mg CaCO3/L)', 'pH', 'Q_eff(m³/d)']"
125,3014.1785715600045,19231891.309276193,4385.418031302854,0.8338330905780857,4879.819716840292,58850616.19120425,7671.415527215577,0.5605806428482449,0.45398659797400087,"{'objective': 'regression', 'metric': 'huber', 'verbosity': -1, 'boosting_type': 'gbdt', 'feature_pre_filter': False, 'lambda_l1': 0.004924370447268316, 'lambda_l2': 5.740977959898714e-07, 'num_leaves': 11, 'feature_fraction': 0.8999999999999999, 'bagging_fraction': 0.859569838315239, 'bagging_freq': 4, 'min_child_samples': 5}","['VS_eff(%)', 'ALK(mg CaCO3/L)', 'T(°C)', 'Q_PS/Q_WS']"
126,1989.3333460456088,8034617.373437715,2834.540063826531,0.9305794986118809,4797.880582422037,54021635.867556415,7349.94121524495,0.5966371460226833,0.40379361217048204,"{'objective': 'regression', 'metric': 'huber', 'verbosity': -1, 'boosting_type': 'gbdt', 'feature_pre_filter': False, 'lambda_l1': 0.0, 'lambda_l2': 0.0, 'num_leaves': 31, 'feature_fraction': 0.8999999999999999, 'bagging_fraction': 0.6711318025470979, 'bagging_freq': 1, 'min_child_samples': 5}","['VS_eff(%)', 'ALK(mg CaCO3/L)', 'T(°C)', 'Q_PS_in(m³/d)']"
127,3093.0862771959037,20987971.985182613,4581.263142975157,0.8186602459567058,4777.3648325292625,55642577.4562619,7459.395247354969,0.5845340763016229,0.46015983006939576,"{'objective': 'regression', 'metric': 'huber', 'verbosity': -1, 'boosting_type': 'gbdt', 'feature_pre_filter': False, 'lambda_l1': 1.3564758235547898e-08, 'lambda_l2': 2.6268782446034583e-05, 'num_leaves': 11, 'feature_fraction': 0.8999999999999999, 'bagging_fraction': 0.987928454329162, 'bagging_freq': 7, 'min_child_samples': 5}","['VS_eff(%)', 'ALK(mg CaCO3/L)', 'T(°C)', 'Q_WS_in(m³/d)']"
128,3241.401926086341,21157077.168991886,4599.682290005679,0.8171991475494338,4869.667806554442,53878705.905116655,7340.21157086883,0.5977043598647431,0.43409874763363676,"{'objective': 'regression', 'metric': 'huber', 'verbosity': -1, 'boosting_type': 'gbdt', 'feature_pre_filter': False, 'lambda_l1': 0.007534049014815576, 'lambda_l2': 1.7044005690540333e-06, 'num_leaves': 11, 'feature_fraction': 0.8999999999999999, 'bagging_fraction': 0.6746927512736861, 'bagging_freq': 1, 'min_child_samples': 5}","['VS_eff(%)', 'ALK(mg CaCO3/L)', 'T(°C)', 'Q_Total(m³/d)']"
129,3319.9290987768527,23838626.562761217,4882.4815988144,0.7940300911077547,4272.11058680926,38828887.37802285,6231.282964047039,0.7100767020835579,0.6105380583911254,"{'objective': 'regression', 'metric': 'huber', 'verbosity': -1, 'boosting_type': 'gbdt', 'feature_pre_filter': False, 'lambda_l1': 9.086747711478917, 'lambda_l2': 9.491537291357073, 'num_leaves': 11, 'feature_fraction': 0.8999999999999999, 'bagging_fraction': 0.6711318025470979, 'bagging_freq': 1, 'min_child_samples': 20}","['VS_eff(%)', 'ALK(mg CaCO3/L)', 'T(°C)', 'Q_eff(m³/d)']"
130,3565.3837992108697,25596862.555090897,5059.334200770977,0.7788386241749691,5380.664575454347,55639298.45112815,7459.175453837251,0.5845585596192366,0.5130658259965483,"{'objective': 'regression', 'metric': 'huber', 'verbosity': -1, 'boosting_type': 'gbdt', 'feature_pre_filter': False, 'lambda_l1': 9.522759892785809e-05, 'lambda_l2': 1.513761339126993e-08, 'num_leaves': 11, 'feature_fraction': 0.8999999999999999, 'bagging_fraction': 0.9850613736727245, 'bagging_freq': 7, 'min_child_samples': 20}","['VS_eff(%)', 'FA(mg/L)', 'pH', 'Q_PS/Q_WS']"
131,2184.432630903659,10256676.785446318,3202.604687663827,0.9113805160933361,5317.924869334115,61771884.69079628,7859.509188924985,0.5387684340858454,0.4356424325409506,"{'objective': 'regression', 'metric': 'huber', 'verbosity': -1, 'boosting_type': 'gbdt', 'feature_pre_filter': False, 'lambda_l1': 1.966266137756684e-07, 'lambda_l2': 1.0255238257429611e-07, 'num_leaves': 31, 'feature_fraction': 0.8999999999999999, 'bagging_fraction': 0.9821363619411055, 'bagging_freq': 7, 'min_child_samples': 10}","['VS_eff(%)', 'FA(mg/L)', 'pH', 'Q_PS_in(m³/d)']"
132,2860.9239754011946,17510499.727546547,4184.554901963475,0.8487062153499042,5384.967577261439,59072658.162469074,7685.873936155151,0.5589227240941422,0.5004541033725121,"{'objective': 'regression', 'metric': 'huber', 'verbosity': -1, 'boosting_type': 'gbdt', 'feature_pre_filter': False, 'lambda_l1': 0.03702656857231507, 'lambda_l2': 7.786007880935042e-06, 'num_leaves': 31, 'feature_fraction': 0.8999999999999999, 'bagging_fraction': 0.853812114385876, 'bagging_freq': 5, 'min_child_samples': 20}","['VS_eff(%)', 'FA(mg/L)', 'pH', 'Q_WS_in(m³/d)']"
133,2029.0546977745782,8702915.20949689,2950.0703736515998,0.9248052882544345,5376.897830359519,61211554.78060852,7823.781360736541,0.54295224429656,0.4455852723438847,"{'objective': 'regression', 'metric': 'huber', 'verbosity': -1, 'boosting_type': 'gbdt', 'feature_pre_filter': False, 'lambda_l1': 0.008234054637994275, 'lambda_l2': 3.752219803240966e-07, 'num_leaves': 31, 'feature_fraction': 0.8999999999999999, 'bagging_fraction': 0.9821291366519986, 'bagging_freq': 7, 'min_child_samples': 10}","['VS_eff(%)', 'FA(mg/L)', 'pH', 'Q_Total(m³/d)']"
134,2187.93989612512,9994464.538551107,3161.402305710412,0.9136460758335858,5231.219923861259,53472414.41962068,7312.483464570752,0.600738012779996,0.5259330361609234,"{'objective': 'regression', 'metric': 'huber', 'verbosity': -1, 'boosting_type': 'gbdt', 'feature_pre_filter': False, 'lambda_l1': 1.8031138108627088e-06, 'lambda_l2': 3.8883482808077208, 'num_leaves': 31, 'feature_fraction': 0.8, 'bagging_fraction': 1.0, 'bagging_freq': 0, 'min_child_samples': 10}","['VS_eff(%)', 'FA(mg/L)', 'pH', 'Q_eff(m³/d)']"
135,2142.2697857397043,9680628.52142508,3111.370842799855,0.9163576739906513,4725.345788979618,59983470.28329301,7744.899630291732,0.5521219715698502,0.41888096236636824,"{'objective': 'regression', 'metric': 'huber', 'verbosity': -1, 'boosting_type': 'gbdt', 'feature_pre_filter': False, 'lambda_l1': 5.724039535300767, 'lambda_l2': 6.184477606865864, 'num_leaves': 31, 'feature_fraction': 0.8999999999999999, 'bagging_fraction': 0.9850613736727245, 'bagging_freq': 7, 'min_child_samples': 5}","['VS_eff(%)', 'FA(mg/L)', 'T(°C)', 'Q_PS/Q_WS']"
136,1963.9107401312249,8025623.451562934,2832.9531326096685,0.9306572076721851,4846.295578738492,59132147.604297474,7689.743012890449,0.5584785348234536,0.36602375782830515,"{'objective': 'regression', 'metric': 'huber', 'verbosity': -1, 'boosting_type': 'gbdt', 'feature_pre_filter': False, 'lambda_l1': 0.0, 'lambda_l2': 0.0, 'num_leaves': 31, 'feature_fraction': 0.8999999999999999, 'bagging_fraction': 0.6746927512736861, 'bagging_freq': 1, 'min_child_samples': 5}","['VS_eff(%)', 'FA(mg/L)', 'T(°C)', 'Q_PS_in(m³/d)']"
137,1897.110460538266,8149045.934733101,2854.6533825901,0.9295908157998645,4810.407589039027,55733428.772510506,7465.482487589835,0.5838557176103112,0.35652829673048797,"{'objective': 'regression', 'metric': 'huber', 'verbosity': -1, 'boosting_type': 'gbdt', 'feature_pre_filter': False, 'lambda_l1': 5.187707623825358e-07, 'lambda_l2': 0.6457288433886444, 'num_leaves': 31, 'feature_fraction': 0.8999999999999999, 'bagging_fraction': 0.9313938000875651, 'bagging_freq': 7, 'min_child_samples': 5}","['VS_eff(%)', 'FA(mg/L)', 'T(°C)', 'Q_WS_in(m³/d)']"
138,3261.5057963694376,21515822.815248303,4638.515151990808,0.8140995223306575,4798.718207272231,55151571.33717675,7426.410393802429,0.5882002671959541,0.3921172469347661,"{'objective': 'regression', 'metric': 'huber', 'verbosity': -1, 'boosting_type': 'gbdt', 'feature_pre_filter': False, 'lambda_l1': 3.59042834324054e-08, 'lambda_l2': 0.00054869183623367, 'num_leaves': 11, 'feature_fraction': 0.8999999999999999, 'bagging_fraction': 0.6536507950121074, 'bagging_freq': 1, 'min_child_samples': 5}","['VS_eff(%)', 'FA(mg/L)', 'T(°C)', 'Q_Total(m³/d)']"
139,3223.5278162758595,22188838.556959257,4710.5030046651345,0.8082845484420278,4437.232038919298,41219218.59400415,6420.219512914192,0.6922288378760926,0.6128553075222142,"{'objective': 'regression', 'metric': 'huber', 'verbosity': -1, 'boosting_type': 'gbdt', 'feature_pre_filter': False, 'lambda_l1': 0.0019347376194780435, 'lambda_l2': 0.003271273299632595, 'num_leaves': 11, 'feature_fraction': 0.8999999999999999, 'bagging_fraction': 0.6746927512736861, 'bagging_freq': 1, 'min_child_samples': 20}","['VS_eff(%)', 'FA(mg/L)', 'T(°C)', 'Q_eff(m³/d)']"
